<code_scheme name="Default" version="173">
  <DB2CodeStyleSettings version="5">
    <option name="USE_GENERAL_STYLE" value="false" />
    <option name="INDEX_NAME_TEMPLATE" value="idx_{table}${columns}${unique?u:}" />
    <option name="PRIMARY_KEY_NAME_TEMPLATE" value="pk_{table}" />
    <option name="FOREIGN_KEY_NAME_TEMPLATE" value="fk_{table}${ref_table}${ref_columns}" />
  </DB2CodeStyleSettings>
  <DerbyCodeStyleSettings version="5">
    <option name="USE_GENERAL_STYLE" value="false" />
    <option name="INDEX_NAME_TEMPLATE" value="idx_{table}${columns}${unique?u:}" />
    <option name="PRIMARY_KEY_NAME_TEMPLATE" value="pk_{table}" />
    <option name="FOREIGN_KEY_NAME_TEMPLATE" value="fk_{table}${ref_table}${ref_columns}" />
  </DerbyCodeStyleSettings>
  <H2CodeStyleSettings version="5">
    <option name="USE_GENERAL_STYLE" value="false" />
    <option name="INDEX_NAME_TEMPLATE" value="idx_{table}${columns}${unique?u:}" />
    <option name="PRIMARY_KEY_NAME_TEMPLATE" value="pk_{table}" />
    <option name="FOREIGN_KEY_NAME_TEMPLATE" value="fk_{table}${ref_table}${ref_columns}" />
  </H2CodeStyleSettings>
  <HCL-Terraform>
    <option name="PROPERTY_ALIGNMENT" value="2" />
    <option name="ARRAY_WRAPPING" value="1" />
  </HCL-Terraform>
  <HSQLCodeStyleSettings version="5">
    <option name="USE_GENERAL_STYLE" value="false" />
    <option name="INDEX_NAME_TEMPLATE" value="idx_{table}${columns}${unique?u:}" />
    <option name="PRIMARY_KEY_NAME_TEMPLATE" value="pk_{table}" />
    <option name="FOREIGN_KEY_NAME_TEMPLATE" value="fk_{table}${ref_table}${ref_columns}" />
  </HSQLCodeStyleSettings>
  <JavaCodeStyleSettings>
    <option name="GENERATE_FINAL_LOCALS" value="true" />
    <option name="GENERATE_FINAL_PARAMETERS" value="true" />
    <option name="REPLACE_INSTANCEOF_AND_CAST" value="true" />
    <option name="ALIGN_MULTILINE_TEXT_BLOCKS" value="true" />
    <option name="RECORD_COMPONENTS_WRAP" value="5" />
    <option name="JD_ADD_BLANK_AFTER_PARM_COMMENTS" value="true" />
    <option name="JD_ADD_BLANK_AFTER_RETURN" value="true" />
    <option name="JD_P_AT_EMPTY_LINES" value="false" />
    <option name="JD_DO_NOT_WRAP_ONE_LINE_COMMENTS" value="true" />
  </JavaCodeStyleSettings>
  <MSSQLCodeStyleSettings version="5">
    <option name="USE_GENERAL_STYLE" value="false" />
    <option name="INDEX_NAME_TEMPLATE" value="idx_{table}${columns}${unique?u:}" />
    <option name="PRIMARY_KEY_NAME_TEMPLATE" value="pk_{table}" />
    <option name="FOREIGN_KEY_NAME_TEMPLATE" value="fk_{table}${ref_table}${ref_columns}" />
  </MSSQLCodeStyleSettings>
  <MySQLCodeStyleSettings version="5">
    <option name="USE_GENERAL_STYLE" value="false" />
    <option name="INDEX_NAME_TEMPLATE" value="idx_{table}${columns}${unique?u:}" />
    <option name="PRIMARY_KEY_NAME_TEMPLATE" value="pk_{table}" />
    <option name="FOREIGN_KEY_NAME_TEMPLATE" value="fk_{table}${ref_table}${ref_columns}" />
  </MySQLCodeStyleSettings>
  <OracleCodeStyleSettings version="5">
    <option name="USE_GENERAL_STYLE" value="false" />
    <option name="INDEX_NAME_TEMPLATE" value="idx_{table}${columns}${unique?u:}" />
    <option name="PRIMARY_KEY_NAME_TEMPLATE" value="pk_{table}" />
    <option name="FOREIGN_KEY_NAME_TEMPLATE" value="fk_{table}${ref_table}${ref_columns}" />
  </OracleCodeStyleSettings>
  <PostgresCodeStyleSettings version="5">
    <option name="IDENTIFIER_CASE" value="1" />
    <option name="TYPE_CASE" value="3" />
    <option name="CUSTOM_TYPE_CASE" value="3" />
    <option name="ALIAS_CASE" value="1" />
    <option name="QUERY_SECTION_1ST_WORD_ALIGN" value="2" />
    <option name="SUBQUERY_OPENING" value="1" />
    <option name="SUBQUERY_CONTENT" value="1" />
    <option name="SUBQUERY_CLOSING" value="4" />
    <option name="INSERT_INTO_NL" value="2" />
    <option name="INSERT_TABLE_EL_LINE" value="1" />
    <option name="INSERT_VALUES_EL_LINE" value="1" />
    <option name="WITH_ALIGN_AS" value="true" />
    <option name="SELECT_NEW_LINE_AFTER_ALL_DISTINCT" value="true" />
    <option name="FROM_WRAP_ON" value="true" />
    <option name="FROM_ALIGN_JOIN_TABLES" value="true" />
    <option name="FROM_ALIGN_ALIASES" value="true" />
    <option name="FROM_INDENT_JOIN" value="false" />
    <option name="FROM_ONLY_JOIN_INDENT" value="2" />
    <option name="WHERE_EL_BOUND" value="0" />
    <option name="ORDER_ALIGN_ASC_DESC" value="true" />
    <option name="EXPR_CASE_THEN_ALIGN" value="true" />
    <option name="EXPR_CASE_ELSE_ALIGN_THEN" value="true" />
    <option name="EXPR_CASE_END" value="1" />
  </PostgresCodeStyleSettings>
  <Properties>
    <option name="SPACES_AROUND_KEY_VALUE_DELIMITER" value="true" />
    <option name="KEEP_BLANK_LINES" value="true" />
  </Properties>
  <SQLiteCodeStyleSettings version="5">
    <option name="USE_GENERAL_STYLE" value="false" />
    <option name="INDEX_NAME_TEMPLATE" value="idx_{table}${columns}${unique?u:}" />
    <option name="PRIMARY_KEY_NAME_TEMPLATE" value="pk_{table}" />
    <option name="FOREIGN_KEY_NAME_TEMPLATE" value="fk_{table}${ref_table}${ref_columns}" />
  </SQLiteCodeStyleSettings>
  <SqlCodeStyleSettings version="5">
    <option name="KEYWORD_CASE" value="2" />
    <option name="IDENTIFIER_CASE" value="1" />
    <option name="TYPE_CASE" value="3" />
    <option name="CUSTOM_TYPE_CASE" value="3" />
    <option name="ALIAS_CASE" value="4" />
    <option name="QUERY_SECTION_1ST_WORD_ALIGN" value="2" />
    <option name="QUERY_EL_COMMA" value="2" />
    <option name="SUBQUERY_OPENING" value="1" />
    <option name="SUBQUERY_CONTENT" value="1" />
    <option name="SUBQUERY_CLOSING" value="4" />
    <option name="INSERT_INTO_NL" value="1" />
    <option name="INSERT_TABLE_EL_LINE" value="1" />
    <option name="INSERT_VALUES_EL_LINE" value="1" />
    <option name="INSERT_EL_WRAP" value="2" />
    <option name="WITH_EL_LINE" value="101" />
    <option name="WITH_ALIGN_AS" value="true" />
    <option name="SELECT_NEW_LINE_AFTER_ALL_DISTINCT" value="true" />
    <option name="SELECT_USE_AS_WORD" value="1" />
    <option name="FROM_WRAP_ON" value="true" />
    <option name="FROM_ALIGN_JOIN_TABLES" value="true" />
    <option name="FROM_ALIGN_ALIASES" value="true" />
    <option name="FROM_INDENT_JOIN" value="false" />
    <option name="FROM_ONLY_JOIN_INDENT" value="2" />
    <option name="ORDER_EL_WRAP" value="1" />
    <option name="ORDER_ALIGN_ASC_DESC" value="true" />
    <option name="CONSTRAINT_WRAP_2" value="true" />
    <option name="CONSTRAINT_WRAP_3" value="true" />
    <option name="CONSTRAINT_WRAP_4" value="true" />
    <option name="VIEW_INDENT_QUERY" value="true" />
    <option name="ROUTINE_ARG_CONTENT" value="1" />
    <option name="ROUTINE_ARG_CLOSING" value="1" />
    <option name="ROUTINE_ARG_WRAP" value="2" />
    <option name="ROUTINE_ARG_COMMA" value="2" />
    <option name="ROUTINE_ARG_ALIGN_TYPES" value="true" />
    <option name="IMP_COMMON_WRAP_EVERY_STATEMENT" value="true" />
    <option name="IMP_DECLARE_EL_WRAP" value="1" />
    <option name="IMP_DECLARE_ALIGN_DEFAULT" value="true" />
    <option name="IMP_LOOP_COLLAPSE" value="true" />
    <option name="EXPR_CASE_THEN_WRAP" value="true" />
    <option name="EXPR_CASE_THEN_ALIGN" value="true" />
    <option name="EXPR_CASE_ELSE_ALIGN_THEN" value="true" />
    <option name="EXPR_CASE_END" value="1" />
    <option name="INDEX_NAME_TEMPLATE" value="idx_{table}${columns}${unique?u:}" />
    <option name="PRIMARY_KEY_NAME_TEMPLATE" value="pk_{table}${columns}" />
    <option name="FOREIGN_KEY_NAME_TEMPLATE" value="fk_{table}${ref_table}${ref_columns}" />
  </SqlCodeStyleSettings>
  <SybaseCodeStyleSettings version="5">
    <option name="USE_GENERAL_STYLE" value="false" />
    <option name="INDEX_NAME_TEMPLATE" value="idx_{table}${columns}${unique?u:}" />
    <option name="PRIMARY_KEY_NAME_TEMPLATE" value="pk_{table}" />
    <option name="FOREIGN_KEY_NAME_TEMPLATE" value="fk_{table}${ref_table}${ref_columns}" />
  </SybaseCodeStyleSettings>
  <TypeScriptCodeStyleSettings version="0">
    <option name="USE_CHAINED_CALLS_GROUP_INDENTS" value="true" />
  </TypeScriptCodeStyleSettings>
  <editorconfig>
    <option name="ENABLED" value="false" />
  </editorconfig>
  <codeStyleSettings language="HCL-Terraform">
    <option name="SOFT_MARGINS" value="120" />
  </codeStyleSettings>
  <codeStyleSettings language="JAVA">
    <option name="ALIGN_MULTILINE_CHAINED_METHODS" value="true" />
    <option name="ALIGN_MULTILINE_PARAMETERS_IN_CALLS" value="true" />
    <option name="ALIGN_MULTILINE_BINARY_OPERATION" value="true" />
    <option name="ALIGN_MULTILINE_TERNARY_OPERATION" value="true" />
    <option name="ALIGN_MULTILINE_THROWS_LIST" value="true" />
    <option name="ALIGN_MULTILINE_EXTENDS_LIST" value="true" />
    <option name="ALIGN_MULTILINE_ARRAY_INITIALIZER_EXPRESSION" value="true" />
    <option name="ALIGN_GROUP_FIELD_DECLARATIONS" value="true" />
    <option name="ALIGN_CONSECUTIVE_VARIABLE_DECLARATIONS" value="true" />
    <option name="ALIGN_CONSECUTIVE_ASSIGNMENTS" value="true" />
    <option name="ALIGN_SUBSEQUENT_SIMPLE_METHODS" value="true" />
    <option name="SPACE_BEFORE_IF_PARENTHESES" value="false" />
    <option name="SPACE_BEFORE_WHILE_PARENTHESES" value="false" />
    <option name="SPACE_BEFORE_FOR_PARENTHESES" value="false" />
    <option name="SPACE_BEFORE_TRY_PARENTHESES" value="false" />
    <option name="SPACE_BEFORE_CATCH_PARENTHESES" value="false" />
    <option name="SPACE_BEFORE_SWITCH_PARENTHESES" value="false" />
    <option name="SPACE_BEFORE_SYNCHRONIZED_PARENTHESES" value="false" />
    <option name="SPACE_BEFORE_ARRAY_INITIALIZER_LBRACE" value="true" />
    <option name="CALL_PARAMETERS_WRAP" value="5" />
    <option name="PREFER_PARAMETERS_WRAP" value="true" />
    <option name="METHOD_PARAMETERS_WRAP" value="5" />
    <option name="RESOURCE_LIST_WRAP" value="5" />
    <option name="EXTENDS_LIST_WRAP" value="5" />
    <option name="THROWS_LIST_WRAP" value="5" />
    <option name="EXTENDS_KEYWORD_WRAP" value="1" />
    <option name="THROWS_KEYWORD_WRAP" value="1" />
    <option name="METHOD_CALL_CHAIN_WRAP" value="5" />
    <option name="BINARY_OPERATION_WRAP" value="5" />
    <option name="BINARY_OPERATION_SIGN_ON_NEXT_LINE" value="true" />
    <option name="TERNARY_OPERATION_WRAP" value="5" />
    <option name="TERNARY_OPERATION_SIGNS_ON_NEXT_LINE" value="true" />
    <option name="FOR_STATEMENT_WRAP" value="5" />
    <option name="ARRAY_INITIALIZER_WRAP" value="5" />
    <option name="ASSERT_STATEMENT_WRAP" value="5" />
    <option name="ASSERT_STATEMENT_COLON_ON_NEXT_LINE" value="true" />
    <option name="IF_BRACE_FORCE" value="3" />
    <option name="DOWHILE_BRACE_FORCE" value="3" />
    <option name="WHILE_BRACE_FORCE" value="3" />
    <option name="FOR_BRACE_FORCE" value="3" />
    <option name="ENUM_CONSTANTS_WRAP" value="5" />
  </codeStyleSettings>
  <codeStyleSettings language="Properties">
    <option name="ALIGN_GROUP_FIELD_DECLARATIONS" value="true" />
  </codeStyleSettings>
  <codeStyleSettings language="TypeScript">
    <indentOptions>
      <option name="INDENT_SIZE" value="2" />
      <option name="CONTINUATION_INDENT_SIZE" value="2" />
      <option name="TAB_SIZE" value="2" />
    </indentOptions>
  </codeStyleSettings>
</code_scheme>