<application>
  <component name="DiffSettings">
    <option name="PLACES_MAP">
      <entry key="VcsLogView">
        <PlaceSettings>
          <option name="DIFF_TOOLS_ORDER">
            <list>
              <option value="com.intellij.diff.tools.simple.SimpleDiffTool" />
              <option value="com.intellij.diff.tools.fragmented.UnifiedDiffTool" />
              <option value="com.intellij.openapi.vcs.changes.patch.tool.ApplyPatchDiffTool" />
              <option value="com.intellij.openapi.vcs.changes.patch.tool.PatchDiffTool" />
              <option value="org.jetbrains.idea.svn.difftool.properties.SvnPropertiesDiffTool" />
              <option value="org.jetbrains.idea.svn.difftool.SvnPhantomChangeDiffRequestProvider.SvnPhantomDiffTool" />
              <option value="org.jetbrains.idea.svn.difftool.SvnTreeConflictDiffRequestProvider.SvnTreeConflictDiffTool" />
              <option value="com.intellij.database.model.diff.SchemaDiffTool" />
              <option value="com.intellij.database.diff.TableDiffTool" />
              <option value="com.intellij.diff.tools.binary.BinaryDiffTool" />
              <option value="com.intellij.diff.tools.dir.DirDiffTool" />
            </list>
          </option>
        </PlaceSettings>
      </entry>
    </option>
  </component>
  <component name="ExternalDiffSettings">
    <option name="DIFF_DEFAULT" value="true" />
    <option name="DIFF_ENABLED" value="true" />
    <option name="DIFF_EXE_PATH" value="/Applications/Beyond Compare.app/Contents/MacOS/bcomp" />
    <option name="MERGE_ENABLED" value="true" />
    <option name="MERGE_EXE_PATH" value="/Applications/Beyond Compare.app/Contents/MacOS/bcomp" />
    <option name="MERGE_TRUST_EXIT_CODE" value="true" />
  </component>
  <component name="TextDiffSettings">
    <option name="SHARED_SETTINGS">
      <SharedSettings>
        <option name="MERGE_AUTO_APPLY_NON_CONFLICTED_CHANGES" value="true" />
      </SharedSettings>
    </option>
  </component>
</application>