<application>
  <component name="FileTypeManager" version="18">
    <extensionMap>
      <mapping ext="space.kts" type="Kotlin" />
      <mapping ext="gradle.kts" type="Kotlin" />
      <mapping ext="main.kts" type="Kotlin" />
      <mapping pattern="start" type="PLAIN_TEXT" />
      <mapping ext="bak" type="PLAIN_TEXT" />
      <mapping ext="output" type="PLAIN_TEXT" />
      <mapping pattern="jestTeardown.ts" type="TypeScript" />
      <mapping ext="vtl" type="VTL" />
      <removed_mapping ext="bat" approved="true" type="Batch" />
      <removed_mapping ext="cmd" approved="true" type="Batch" />
      <removed_mapping ext="csv" approved="true" type="CSV" />
      <removed_mapping ext="env" approved="true" type="Env File" />
      <removed_mapping ext="ignore" approved="true" type="IgnoreLang file" />
      <removed_mapping ext="tsv" approved="true" type="TSV" />
      <removed_mapping ext="vtl" approved="true" type="PLAIN_TEXT" />
      <removed_mapping pattern=".env" approved="true" type="Env File" />
      <removed_mapping pattern=".env.*" approved="true" type="Env File" />
    </extensionMap>
  </component>
</application>