<application>
  <component name="FindSettings">
    <option name="caseSensitive" value="true" />
    <option name="customScope" value="All Places" />
    <option name="defaultScopeName" value="All Places" />
    <option name="CASE_SENSITIVE_SEARCH" value="true" />
    <option name="SEARCH_SCOPE" value="All Places" />
    <option name="FILE_MASK" value="*.ts" />
    <mask>*.css</mask>
    <mask>*.html</mask>
    <mask>*.xml</mask>
    <mask>*.jsp</mask>
    <mask>*.properties</mask>
    <mask>*.java</mask>
    <mask>*.yaml</mask>
    <mask>*.yml</mask>
    <mask>*.js</mask>
    <mask>*.sql</mask>
    <mask>*.graphql</mask>
    <mask>*.tsx</mask>
    <mask>*.json</mask>
    <mask>*.vtl</mask>
    <mask>*.tf</mask>
    <mask>*.ts</mask>
  </component>
</application>