<application>
  <component name="MaterialThemeConfig">
    <option name="highContrast" value="true" />
    <option name="allowDataCollection" value="true" />
    <option name="isHighContrast" value="true" />
    <option name="isWizardShown" value="true" />
    <option name="pristineConfig" value="false" />
    <option name="accentColor" value="ab47bc" />
    <option name="selectedTheme" value="PALENIGHT" />
    <option name="userId" value="6498550c:1748c80644f:-8000" />
    <option name="version" value="5.5.0" />
  </component>
</application>