<application>
  <component name="PowerModeII">
    <option name="blueFrom" value="86" />
    <option name="blueTo" value="190" />
    <option name="colorAlpha" value="136" />
    <option name="customBamImageFolder" value="$APPLICATION_HOME_DIR$/bin" />
    <option name="customFlameImageFolder" value="$APPLICATION_HOME_DIR$/bin" />
    <option name="heatupThreshold" value="20" />
    <option name="hotkeyHeatup" value="false" />
    <option name="isPowerIndicatorEnabled" value="false" />
    <option name="redFrom" value="13" />
    <option name="redTo" value="61" />
    <option name="soundsFolder" value="$APPLICATION_HOME_DIR$/bin" />
  </component>
</application>